Métrique,Valeur
Accuracy,0.8270255116344267
Precision (weighted),0.8363063374526327
Recall (weighted),0.8270255116344267
F1-Score (weighted),0.8274367310075281
