Métrique,Valeur
Accuracy,0.8449848024316109
Precision (weighted),0.8484088515518211
Recall (weighted),0.8449848024316109
F1-Score (weighted),0.8451842314991631
