Métrique,Valeur
Accuracy,0.8486122792262405
Precision (weighted),0.8508795328485252
Recall (weighted),0.8486122792262405
F1-Score (weighted),0.8484678592905478
