Classe,Precision,Recall,F1-Score,Support
Art and Culture,0.8450184501845018,0.7133956386292835,0.7736486486486487,321
Economy,0.9071428571428571,0.8141025641025641,0.8581081081081081,156
Historical Studies,0.8369747899159664,0.8706293706293706,0.8534704370179949,572
Life Sciences,0.8905982905982905,0.8683333333333333,0.8793248945147679,600
Literature,0.9244186046511628,0.7989949748743719,0.8571428571428571,199
Physical Sciences,0.8774834437086093,0.8833333333333333,0.8803986710963455,600
Social Sciences,0.768370607028754,0.8394415357766143,0.8023352793994996,573
Technology & Innovation,0.8397212543554007,0.8827838827838828,0.8607142857142858,546
