Classe,Precision,Recall,F1-Score,Support
Art and Culture,0.875,0.7933333333333333,0.8321678321678322,600
Economy,0.7526881720430108,0.8620689655172413,0.8036739380022963,406
Historical Studies,0.7708029197080292,0.88,0.8217898832684825,600
Life Sciences,0.9339130434782609,0.895,0.9140425531914894,600
Literature,0.8553259141494436,0.8966666666666666,0.8755085435313262,600
Physical Sciences,0.8942953020134228,0.8883333333333333,0.8913043478260869,600
Social Sciences,0.7992957746478874,0.7566666666666667,0.7773972602739726,600
Technology & Innovation,0.875,0.7933333333333333,0.8321678321678322,600
