Métrique,Valeur
Accuracy,0.8197364732268012
Precision (weighted),0.8263817694652434
Recall (weighted),0.8197364732268012
F1-Score (weighted),0.8209860336841719
