Métrique,Valeur
Accuracy,0.8508467216673904
Precision (weighted),0.8563095976159939
Recall (weighted),0.8508467216673904
F1-Score (weighted),0.8519627878186882
