Métrique,Valeur
Accuracy,0.8499782891880157
Precision (weighted),0.8544188501243071
Recall (weighted),0.8499782891880157
F1-Score (weighted),0.8509465733351093
