Métrique,Valeur
Accuracy,0.8037153873116019
Precision (weighted),0.8105303713510672
Recall (weighted),0.8037153873116019
F1-Score (weighted),0.8049752712865974
