Classe,Precision,Recall,F1-Score,Support
Art and Culture,0.7435897435897436,0.6770428015564203,0.7087576374745418,257
Economy,0.8429752066115702,0.816,0.8292682926829268,125
Historical Studies,0.6702317290552585,0.8227571115973742,0.7387033398821218,457
Life Sciences,0.8777292576419214,0.8305785123966942,0.8535031847133758,484
Literature,0.8033707865168539,0.9166666666666666,0.8562874251497006,156
Physical Sciences,0.8656036446469249,0.7916666666666666,0.8269858541893362,480
Social Sciences,0.7821350762527233,0.7770562770562771,0.7795874049945711,462
Technology & Innovation,0.8858560794044665,0.8263888888888888,0.8550898203592814,432
