Classe,Precision,Recall,F1-Score,Support
Art and Culture,0.8052147239263804,0.875,0.8386581469648562,600
Economy,0.9140401146131805,0.7857142857142857,0.8450331125827815,406
Historical Studies,0.8687943262411347,0.8166666666666667,0.8419243986254296,600
Life Sciences,0.9312714776632303,0.9033333333333333,0.9170896785109983,600
Literature,0.8507462686567164,0.855,0.8528678304239401,600
Physical Sciences,0.9194991055456172,0.8566666666666667,0.8869715271786023,600
Social Sciences,0.7207334273624824,0.8516666666666667,0.7807486631016043,600
Technology & Innovation,0.858843537414966,0.8416666666666667,0.8501683501683501,600
