Classe,Precision,Recall,F1-Score,Support
Art and Culture,0.8109375,0.865,0.8370967741935483,600
Economy,0.9232954545454546,0.8004926108374384,0.8575197889182058,406
Historical Studies,0.8509532062391681,0.8183333333333334,0.8343245539507221,600
Life Sciences,0.9197952218430034,0.8983333333333333,0.9089376053962901,600
Literature,0.8483333333333334,0.8483333333333334,0.8483333333333334,600
Physical Sciences,0.9166666666666666,0.8616666666666667,0.8883161512027491,600
Social Sciences,0.7317073170731707,0.85,0.7864302235929067,600
Technology & Innovation,0.8559322033898306,0.8416666666666667,0.8487394957983193,600
